condition,seed,saf_rate,accuracy
Baseline,0,0.0,1.0
Baseline,0,0.05,0.7066666666666667
Baseline,0,0.1,1.0
Baseline,0,0.15,0.7633333333333333
Baseline,0,0.2,0.47333333333333333
Baseline,0,0.25,0.47333333333333333
Baseline,0,0.3,0.6266666666666667
Baseline,0,0.35,0.5466666666666666
Baseline,0,0.4,0.5466666666666666
Baseline,1,0.0,1.0
Baseline,1,0.05,0.51
Baseline,1,0.1,0.29333333333333333
Baseline,1,0.15,0.29333333333333333
Baseline,1,0.2,0.0
Baseline,1,0.25,0.22
Baseline,1,0.3,0.22
Baseline,1,0.35,0.22
Baseline,1,0.4,0.28
Baseline,2,0.0,1.0
Baseline,2,0.05,1.0
Baseline,2,0.1,1.0
Baseline,2,0.15,0.71
Baseline,2,0.2,0.7066666666666667
Baseline,2,0.25,0.6966666666666667
Baseline,2,0.3,0.45666666666666667
Baseline,2,0.35,0.47333333333333333
Baseline,2,0.4,0.29333333333333333
Baseline,3,0.0,1.0
Baseline,3,0.05,1.0
Baseline,3,0.1,0.7666666666666667
Baseline,3,0.15,0.7666666666666667
Baseline,3,0.2,0.7033333333333334
Baseline,3,0.25,0.5133333333333333
Baseline,3,0.3,0.7466666666666667
Baseline,3,0.35,0.5566666666666666
Baseline,3,0.4,0.6433333333333333
Baseline,4,0.0,1.0
Baseline,4,0.05,1.0
Baseline,4,0.1,0.8733333333333333
Baseline,4,0.15,0.5466666666666666
Baseline,4,0.2,0.55
Baseline,4,0.25,0.5466666666666666
Baseline,4,0.3,0.42333333333333334
Baseline,4,0.35,0.29333333333333333
Baseline,4,0.4,0.22
PTQ,0,0.0,1.0
PTQ,0,0.05,0.7066666666666667
PTQ,0,0.1,1.0
PTQ,0,0.15,0.7333333333333333
PTQ,0,0.2,0.47333333333333333
PTQ,0,0.25,0.47333333333333333
PTQ,0,0.3,0.57
PTQ,0,0.35,0.5466666666666666
PTQ,0,0.4,0.5366666666666666
PTQ,1,0.0,1.0
PTQ,1,0.05,0.67
PTQ,1,0.1,0.29333333333333333
PTQ,1,0.15,0.29333333333333333
PTQ,1,0.2,0.0
PTQ,1,0.25,0.22
PTQ,1,0.3,0.22
PTQ,1,0.35,0.22
PTQ,1,0.4,0.29
PTQ,2,0.0,1.0
PTQ,2,0.05,1.0
PTQ,2,0.1,1.0
PTQ,2,0.15,0.93
PTQ,2,0.2,0.7066666666666667
PTQ,2,0.25,0.62
PTQ,2,0.3,0.4666666666666667
PTQ,2,0.35,0.29333333333333333
PTQ,2,0.4,0.29333333333333333
PTQ,3,0.0,1.0
PTQ,3,0.05,1.0
PTQ,3,0.1,0.57
PTQ,3,0.15,0.7666666666666667
PTQ,3,0.2,0.7666666666666667
PTQ,3,0.25,0.4266666666666667
PTQ,3,0.3,0.7466666666666667
PTQ,3,0.35,0.5266666666666666
PTQ,3,0.4,0.5266666666666666
PTQ,4,0.0,1.0
PTQ,4,0.05,0.9866666666666667
PTQ,4,0.1,0.8
PTQ,4,0.15,0.5466666666666666
PTQ,4,0.2,0.55
PTQ,4,0.25,0.5466666666666666
PTQ,4,0.3,0.5466666666666666
PTQ,4,0.35,0.37333333333333335
PTQ,4,0.4,0.22
FAT,0,0.0,0.78
FAT,0,0.05,1.0
FAT,0,0.1,0.78
FAT,0,0.15,0.78
FAT,0,0.2,0.5933333333333334
FAT,0,0.25,0.6866666666666666
FAT,0,0.3,0.5266666666666666
FAT,0,0.35,0.5266666666666666
FAT,0,0.4,0.7166666666666667
FAT,1,0.0,0.96
FAT,1,0.05,1.0
FAT,1,0.1,1.0
FAT,1,0.15,0.7566666666666667
FAT,1,0.2,0.7466666666666667
FAT,1,0.25,0.91
FAT,1,0.3,0.7533333333333333
FAT,1,0.35,0.7366666666666667
FAT,1,0.4,0.5266666666666666
FAT,2,0.0,0.78
FAT,2,0.05,1.0
FAT,2,0.1,1.0
FAT,2,0.15,1.0
FAT,2,0.2,0.85
FAT,2,0.25,0.8766666666666667
FAT,2,0.3,0.7766666666666666
FAT,2,0.35,0.9133333333333333
FAT,2,0.4,0.31333333333333335
FAT,3,0.0,0.78
FAT,3,0.05,1.0
FAT,3,0.1,1.0
FAT,3,0.15,0.8
FAT,3,0.2,0.9933333333333333
FAT,3,0.25,1.0
FAT,3,0.3,0.7466666666666667
FAT,3,0.35,0.59
FAT,3,0.4,0.7466666666666667
FAT,4,0.0,1.0
FAT,4,0.05,1.0
FAT,4,0.1,1.0
FAT,4,0.15,0.7733333333333333
FAT,4,0.2,0.8566666666666667
FAT,4,0.25,0.7466666666666667
FAT,4,0.3,0.7466666666666667
FAT,4,0.35,0.4866666666666667
FAT,4,0.4,0.29333333333333333
QAT,0,0.0,0.78
QAT,0,0.05,1.0
QAT,0,0.1,0.78
QAT,0,0.15,0.78
QAT,0,0.2,0.6966666666666667
QAT,0,0.25,0.5266666666666666
QAT,0,0.3,0.5266666666666666
QAT,0,0.35,0.5266666666666666
QAT,0,0.4,0.5266666666666666
QAT,1,0.0,0.88
QAT,1,0.05,1.0
QAT,1,0.1,0.9966666666666667
QAT,1,0.15,0.7466666666666667
QAT,1,0.2,0.7466666666666667
QAT,1,0.25,0.7466666666666667
QAT,1,0.3,0.7466666666666667
QAT,1,0.35,0.7333333333333333
QAT,1,0.4,0.5266666666666666
QAT,2,0.0,0.9533333333333334
QAT,2,0.05,1.0
QAT,2,0.1,1.0
QAT,2,0.15,1.0
QAT,2,0.2,0.91
QAT,2,0.25,0.98
QAT,2,0.3,0.78
QAT,2,0.35,0.8033333333333333
QAT,2,0.4,0.3466666666666667
QAT,3,0.0,0.78
QAT,3,0.05,1.0
QAT,3,0.1,1.0
QAT,3,0.15,0.6633333333333333
QAT,3,0.2,0.98
QAT,3,0.25,1.0
QAT,3,0.3,0.75
QAT,3,0.35,0.61
QAT,3,0.4,0.7466666666666667
QAT,4,0.0,0.96
QAT,4,0.05,1.0
QAT,4,0.1,1.0
QAT,4,0.15,0.7933333333333333
QAT,4,0.2,1.0
QAT,4,0.25,0.5366666666666666
QAT,4,0.3,0.7466666666666667
QAT,4,0.35,0.31666666666666665
QAT,4,0.4,0.29333333333333333
